gcn_id,gcn_url,real_time_operation,afterglow_confirmed,ipn_consistent,reference_gcn_id,ra_deg,dec_deg,trigger_time_utc,pc,sqrt_ts,snr_gcn,snr_batglimpse,mosaic,slew,separation_arcmin,notes
27107,https://gcn.nasa.gov/circulars/27107,FALSE,FALSE,FALSE,,311.4378,-11.658,2020-02-16T09:07:25.030Z,0.39,,7.5,6.9,FALSE,FALSE,1.09,
27259,https://gcn.nasa.gov/circulars/27259,FALSE,FALSE,FALSE,,333.8928,-42.9443,2020-02-28T06:58:33.810Z,0.39,,40.0,44.73,FALSE,TRUE,0.50,
27444,https://gcn.nasa.gov/circulars/27444,FALSE,FALSE,TRUE,27449,31.7203,-31.816,2020-03-25T03:18:31.000Z,0.12,,7.5,6.72,FALSE,FALSE,0.58,
27497,https://gcn.nasa.gov/circulars/27497,FALSE,FALSE,TRUE,27505,62.7894,-51.5326,2020-04-05T03:53:38.000Z,0.13,12.4,4.0,5.63,FALSE,FALSE,>60,
28013,https://gcn.nasa.gov/circulars/28013,FALSE,FALSE,FALSE,,242.0952,53.4678,2020-06-23T03:18:00.000Z,0.63,9.8,6.4,,FALSE,FALSE,,
28103,https://gcn.nasa.gov/circulars/28103,FALSE,TRUE,FALSE,28150,196.8656,-51.6403,2020-07-14T18:35:05.000Z,0.26,,11.5,31.49,FALSE,FALSE,2.65,
28237,https://gcn.nasa.gov/circulars/28237,FALSE,TRUE,FALSE,28241,15.9406,-73.8459,2020-08-09T15:41:27.000Z,0.34,,10.4,10.76,FALSE,FALSE,1.08,
28583,https://gcn.nasa.gov/circulars/28583,FALSE,TRUE,FALSE,28648,161.744,46.101,2020-10-08T10:37:36.000Z,0.03,13.22,4.2,5.53,FALSE,FALSE,>60,
28971,https://gcn.nasa.gov/circulars/28971,FALSE,FALSE,FALSE,,339.354,-49.246,2020-11-28T17:54:11.000Z,0.76,,,6.35,FALSE,TRUE,6.29,
29059,https://gcn.nasa.gov/circulars/29059,FALSE,FALSE,FALSE,,201.4872,36.3116,2020-12-16T19:00:31.240Z,0.5,,8.9,11.75,FALSE,FALSE,2.03,
29701,https://gcn.nasa.gov/circulars/29701,FALSE,FALSE,FALSE,,259.664,15.677,2021-03-23T12:03:33.090Z,0.13,11.77,,,FALSE,FALSE,,
29877,https://gcn.nasa.gov/circulars/29877,FALSE,FALSE,FALSE,,270.817,56.828,2021-04-21T10:54:44.810Z,0.59,,9.7,9.45,TRUE,TRUE,2.46,
29947,https://gcn.nasa.gov/circulars/29947,FALSE,FALSE,FALSE,,132.853,4.582,2021-05-06T00:39:48.540Z,0.84,,6.8,,FALSE,FALSE,,likely artifact; GCN 29969 reports IPN localizes source outside BAT FOV
29984,https://gcn.nasa.gov/circulars/29984,FALSE,FALSE,TRUE,28121,139.348,-16.712,2020-07-16T01:26:37.760Z,0.02,110.96,8.5,8.02,FALSE,FALSE,0.83,
29985,https://gcn.nasa.gov/circulars/29985,FALSE,FALSE,FALSE,,35.594,56.015,2020-12-28T15:21:45.000Z,0.56,,13.1,14.81,FALSE,FALSE,0.62,
30130,https://gcn.nasa.gov/circulars/30130,FALSE,TRUE,FALSE,30234,15.732,-6.467,2021-06-05T14:55:58.000Z,0.53,,8.4,8.71,FALSE,TRUE,1.27,
30134,https://gcn.nasa.gov/circulars/30134,FALSE,TRUE,FALSE,30172,170.904,0.718,2021-06-06T03:56:02.000Z,0.15,15.0,5.2,,FALSE,FALSE,,
30302,https://gcn.nasa.gov/circulars/30302,FALSE,FALSE,FALSE,,233.117,-26.213,2021-06-22T01:32:35.900Z,0.35,,8.1,8.86,FALSE,FALSE,3.94,
30325,https://gcn.nasa.gov/circulars/30325,FALSE,TRUE,FALSE,30341,221.6199,-1.1512,2021-06-26T08:16:15.900Z,0.63,,7.6,23.83,TRUE,TRUE,4.58,
30393,https://gcn.nasa.gov/circulars/30393,FALSE,TRUE,FALSE,30431,312.0124,13.3079,2021-07-06T08:17:49.900Z,0.82,,19.0,22.77,TRUE,TRUE,1.97,
30732,https://gcn.nasa.gov/circulars/30732,FALSE,TRUE,FALSE,30745,174.9181,55.7858,2021-08-27T09:59:24.340Z,0.53,,8.3,8.48,FALSE,FALSE,0.96,
31006,https://gcn.nasa.gov/circulars/31006,FALSE,FALSE,FALSE,,28.053,-6.973,2021-10-24T01:34:11.400Z,0.1,10.4,,5.74,FALSE,FALSE,>60,
31049,https://gcn.nasa.gov/circulars/31049,FALSE,TRUE,FALSE,31068,343.643,-53.236,2021-11-06T04:37:31.200Z,0.05,19.1,,5.68,FALSE,FALSE,>60,
31334,https://gcn.nasa.gov/circulars/31334,FALSE,FALSE,FALSE,,295.044,23.133,2021-12-29T03:29:15.000Z,0.75,50.0,,19.4,FALSE,FALSE,1.60,
31402,https://gcn.nasa.gov/circulars/31402,FALSE,TRUE,FALSE,31410,169.761,34.139,2022-01-07T14:45:31.000Z,0.08,,9.0,,FALSE,TRUE,,"[*] found during slew on <0.2s window, not by mosaic"
31501,https://gcn.nasa.gov/circulars/31501,FALSE,FALSE,FALSE,,286.457,16.791,2022-01-17T04:45:55.000Z,0.07,,6.1,6.91,FALSE,FALSE,1.00,
31572,https://gcn.nasa.gov/circulars/31572,FALSE,FALSE,FALSE,,345.778,61.826,2022-02-10T23:56:38.000Z,,,11.4,,FALSE,FALSE,,"corrupted event file, analysis not completed"
31746,https://gcn.nasa.gov/circulars/31746,FALSE,FALSE,FALSE,,290.069,40.253,2022-03-10T22:23:51.000Z,0.17,9.7,,6.16,FALSE,FALSE,>60,
31919,https://gcn.nasa.gov/circulars/31919,FALSE,FALSE,FALSE,,224.329,-17.514,2022-04-18T17:16:21.000Z,0.27,10.4,,6.56,FALSE,FALSE,>60,
32023,https://gcn.nasa.gov/circulars/32023,FALSE,TRUE,FALSE,32052,287.446,17.739,2022-05-11T13:41:56.000Z,0.07,,10.0,11.57,FALSE,TRUE,2.59,
32167,https://gcn.nasa.gov/circulars/32167,FALSE,FALSE,FALSE,,28.474,-54.741,2022-06-06T01:03:28.000Z,0.43,10.7,,,FALSE,FALSE,,
32345,https://gcn.nasa.gov/circulars/32345,FALSE,TRUE,FALSE,32350,248.652,36.338,2022-07-08T02:06:55.110Z,0.03,41.4,,5.99,FALSE,FALSE,2.74,
32375,https://gcn.nasa.gov/circulars/32375,FALSE,TRUE,FALSE,32385,221.592,20.657,2022-07-10T03:29:34.000Z,0.75,,20.0,21.04,TRUE,TRUE,0.90,
32506,https://gcn.nasa.gov/circulars/32506,FALSE,TRUE,FALSE,32513,24.255,-41.5818,2022-08-31T13:56:33.000Z,,,15.0,,FALSE,FALSE,,no GUANO data available; analysis not completed
32543,https://gcn.nasa.gov/circulars/32543,FALSE,FALSE,FALSE,,216.0448,-8.8551,2022-09-09T06:52:13.000Z,0.23,8.9,,,FALSE,FALSE,,
32941,https://gcn.nasa.gov/circulars/32941,FALSE,FALSE,FALSE,,54.788,-16.701,2022-11-15T09:46:15.000Z,0.07,27.7,,5.94,FALSE,FALSE,>60,
33027,https://gcn.nasa.gov/circulars/33027,FALSE,FALSE,FALSE,,251.155,42.671,2022-12-06T12:22:47.000Z,0.08,,6.6,,FALSE,TRUE,,"[*] found during slew on <0.2s window, not by mosaic"
33062,https://gcn.nasa.gov/circulars/33062,FALSE,FALSE,FALSE,,155.056,46.873,2022-12-15T04:14:27.000Z,0.47,11.8,5.5,6.05,FALSE,FALSE,>60,
33132,https://gcn.nasa.gov/circulars/33132,FALSE,TRUE,FALSE,33139,336.26,25.138,2022-12-31T21:46:05.000Z,0.22,14.0,,6.18,FALSE,FALSE,1.87,
33672,https://gcn.nasa.gov/circulars/33672,FALSE,FALSE,FALSE,,41.704,1.119,2023-04-21T09:42:46.370Z,0.45,,10.5,10.48,TRUE,TRUE,4.32,
34159,https://gcn.nasa.gov/circulars/34159,FALSE,FALSE,FALSE,,173.1992,-16.4121,2023-07-07T03:22:51.000Z,0.61,,10.0,23.31,FALSE,FALSE,0.21,
34683,https://gcn.nasa.gov/circulars/34683,FALSE,FALSE,FALSE,,267.349,74.484,2023-09-13T07:56:12.160Z,0.13,19.7,,6.9,FALSE,FALSE,1.06,
34824,https://gcn.nasa.gov/circulars/34824,FALSE,FALSE,FALSE,,86.191,56.666,2023-10-17T08:05:03.300Z,0.03,15.0,,6.63,FALSE,FALSE,>60,
35022,https://gcn.nasa.gov/circulars/35022,FALSE,TRUE,FALSE,,238.818,-54.077,2023-11-11T21:35:11.400Z,0.84,29.2,,,FALSE,FALSE,,SGR flare SGR J1555-5402; classified separately from GRBs
35409,https://gcn.nasa.gov/circulars/35409,FALSE,FALSE,FALSE,,27.321,77.897,2023-12-20T16:10:17.400Z,0.29,28.32,,9.43,FALSE,FALSE,0.72,
35733,https://gcn.nasa.gov/circulars/35733,FALSE,TRUE,FALSE,35852,132.237,-6.4058,2024-02-15T15:33:00.410Z,0.84,,13.9,13.64,FALSE,FALSE,0.46,
35880,https://gcn.nasa.gov/circulars/35880,FALSE,FALSE,FALSE,,6.278,-43.904,2024-03-05T09:49:21.260Z,0.78,,9.7,11.01,TRUE,TRUE,1.80,
35948,https://gcn.nasa.gov/circulars/35948,FALSE,FALSE,FALSE,,272.18,39.182,2024-03-17T10:54:24.000Z,0.84,49.27,,23.94,FALSE,FALSE,8.11,excluded from separation histogram; Swift in safe pointing mode with unstable pointing per GCN 35965
36125,https://gcn.nasa.gov/circulars/36125,FALSE,FALSE,FALSE,,132.317,-27.07,2024-04-15T03:10:49.351Z,0.11,16.2,,,FALSE,FALSE,,
36532,https://gcn.nasa.gov/circulars/36532,FALSE,FALSE,FALSE,,355.6879,-32.7215,2024-05-21T15:08:57.060Z,0.84,74.6,,32.08,FALSE,FALSE,0.38,
36628,https://gcn.nasa.gov/circulars/36628,FALSE,TRUE,FALSE,36631,40.234,-60.637,2024-06-06T13:33:06.500Z,0.04,28.9,,6.99,FALSE,FALSE,>60,
36672,https://gcn.nasa.gov/circulars/36672,FALSE,TRUE,FALSE,36683,326.1413,38.5948,2024-06-15T17:51:45.000Z,0.54,,12.0,9.53,FALSE,TRUE,6.48,
36945,https://gcn.nasa.gov/circulars/36945,FALSE,FALSE,FALSE,,97.786,-37.18,2024-07-27T06:00:08.960Z,0.15,45.6,,7.33,FALSE,FALSE,0.47,
38091,https://gcn.nasa.gov/circulars/38091,FALSE,TRUE,FALSE,38098,66.2381,-49.7547,2024-11-05T16:06:04.000Z,0.22,,11.0,15.42,FALSE,FALSE,0.16,
38840,https://gcn.nasa.gov/circulars/38840,FALSE,FALSE,FALSE,,302.52,45.564,2025-01-07T05:02:30.290Z,0.01,21.8,,6.11,FALSE,FALSE,>60,
39744,https://gcn.nasa.gov/circulars/39744,FALSE,TRUE,FALSE,39758,219.63,14.886,2025-03-16T08:59:57.690Z,0.08,17.7,,7.64,FALSE,FALSE,0.85,
39979,https://gcn.nasa.gov/circulars/39979,TRUE,TRUE,FALSE,40079,48.52543,62.30596,2025-03-31T05:49:17.010Z,0.77,,11.6,14.56,TRUE,TRUE,5.20,
40563,https://gcn.nasa.gov/circulars/40563,FALSE,FALSE,FALSE,,319.633,52.737,2025-05-27T13:58:32.410Z,0.3,11.6,,,FALSE,FALSE,,
40600,https://gcn.nasa.gov/circulars/40600,FALSE,TRUE,FALSE,40606,90.0709,-57.2892,2025-06-01T17:29:35.540Z,0.31,,8.7,10.04,FALSE,FALSE,0.75,
41110,https://gcn.nasa.gov/circulars/41110,TRUE,FALSE,FALSE,,44.1179,26.3789,2025-07-17T13:44:22.000Z,0.45,53.47,26.3,26.37,FALSE,FALSE,0.00,
41185,https://gcn.nasa.gov/circulars/41185,TRUE,FALSE,FALSE,,260.945,16.2049,2025-07-28T09:25:45.570Z,0.66,16.4,8.1,8.23,FALSE,FALSE,0.03,
42244,https://gcn.nasa.gov/circulars/42244,FALSE,FALSE,FALSE,,46.901,8.8,2025-10-13T18:17:00.390Z,0.24,27.6,,11.77,FALSE,FALSE,1.10,
42245,https://gcn.nasa.gov/circulars/42245,TRUE,FALSE,FALSE,,4.7878,45.1894,2025-10-11T03:41:40.090Z,0.73,,23.5,22.67,FALSE,TRUE,0.00,
42263,https://gcn.nasa.gov/circulars/42263,TRUE,FALSE,FALSE,,14.5954,-35.5802,2025-10-14T04:47:21.170Z,0.72,19.78,8.5,8.48,FALSE,FALSE,0.85,
42568,https://gcn.nasa.gov/circulars/42568,FALSE,TRUE,FALSE,42551,146.821,16.104,2025-11-03T04:46:28.110Z,0.02,61.6,,,FALSE,FALSE,,
43033,https://gcn.nasa.gov/circulars/43033,FALSE,TRUE,FALSE,43050,228.453,29.044,2025-12-08T10:17:17.290Z,0.33,17.6,,7.53,FALSE,FALSE,1.98,
43114,https://gcn.nasa.gov/circulars/43114,TRUE,TRUE,FALSE,43155,122.6526,-36.7395,2025-12-15T04:23:36.280Z,0.16,14.6,6.5,7.76,FALSE,FALSE,0.58,row 1 of 2: analysis for the Fermi trigger time
43114,https://gcn.nasa.gov/circulars/43114,TRUE,TRUE,FALSE,43155,,,,,,27.1,7.9,TRUE,TRUE,4.25,row 2 of 2: analysis for the later CALET trigger on the same GRB
43377,https://gcn.nasa.gov/circulars/43377,TRUE,TRUE,FALSE,43426,229.5734,51.9747,2026-01-11T16:33:14.010Z,0.63,36.98,19.7,23.13,FALSE,FALSE,0.48,
